Tarih,Şimdi,Açılış,Yüksek,Düşük,Fark %
31.12.2020,"7,4320","7,3815","7,4983","7,3444","0,74%"
30.12.2020,"7,3774","7,3865","7,3993","7,3030","-0,06%"
29.12.2020,"7,3815","7,4466","7,4804","7,3376","-0,81%"
28.12.2020,"7,4416","7,5716","7,5756","7,4035","-1,40%"
27.12.2020,"7,4416","7,5716","7,5756","7,4035","-1,40%"
26.12.2020,"7,4416","7,5716","7,5756","7,4035","-1,40%"
25.12.2020,"7,5470","7,5801","7,6016","7,5305","-0,37%"
24.12.2020,"7,5747","7,6398","7,6757","7,5460","-0,80%"
23.12.2020,"7,6361","7,6632","7,6711","7,6140","-0,27%"
22.12.2020,"7,6570","7,6506","7,6786","7,6129","0,10%"
21.12.2020,"7,6491","7,6310","7,7376","7,6234","0,33%"
20.12.2020,"7,6491","7,6310","7,7376","7,6234","0,33%"
19.12.2020,"7,6491","7,6310","7,7376","7,6234","0,33%"
18.12.2020,"7,6239","7,7009","7,7607","7,6122","-0,94%"
17.12.2020,"7,6959","7,7999","7,8097","7,6896","-1,27%"
16.12.2020,"7,7949","7,8440","7,8492","7,7573","-0,45%"
15.12.2020,"7,8300","7,8534","7,8734","7,8113","-0,23%"
14.12.2020,"7,8483","7,8601","7,9392","7,8234","-0,10%"
13.12.2020,"7,8483","7,8601","7,9392","7,8234","-0,10%"
12.12.2020,"7,8483","7,8601","7,9392","7,8234","-0,10%"
11.12.2020,"7,8562","7,8841","8,0347","7,8149","-0,38%"
10.12.2020,"7,8864","7,8263","7,9256","7,8163","0,91%"
09.12.2020,"7,8156","7,8155","7,8524","7,7888","0,13%"
08.12.2020,"7,8055","7,8007","7,8529","7,7865","0,11%"
07.12.2020,"7,7973","7,8029","7,8774","7,7958","-0,01%"
06.12.2020,"7,7973","7,8029","7,8774","7,7958","-0,01%"
05.12.2020,"7,7973","7,8029","7,8774","7,7958","-0,01%"
04.12.2020,"7,7981","7,7739","7,8498","7,7477","0,41%"
03.12.2020,"7,7665","7,8524","7,9250","7,7497","-1,07%"
02.12.2020,"7,8502","7,8290","7,8836","7,7717","0,32%"
01.12.2020,"7,8248","7,8328","7,9213","7,7961","-0,05%"
30.11.2020,"7,8284","7,8353","7,8653","7,7424","-0,06%"
29.11.2020,"7,8284","7,8353","7,8653","7,7424","-0,06%"
28.11.2020,"7,8284","7,8353","7,8653","7,7424","-0,06%"
27.11.2020,"7,8332","7,8695","7,8952","7,7613","-0,46%"
26.11.2020,"7,8691","7,9311","7,9735","7,8456","-0,76%"
25.11.2020,"7,9297","8,0022","8,0171","7,9051","-0,86%"
24.11.2020,"7,9982","7,8848","8,0530","7,8295","1,49%"
23.11.2020,"7,8810","7,6400","7,9569","7,6349","3,26%"
22.11.2020,"7,8810","7,6400","7,9569","7,6349","3,26%"
21.11.2020,"7,8810","7,6400","7,9569","7,6349","3,26%"
20.11.2020,"7,6323","7,5529","7,7055","7,5258","1,08%"
19.11.2020,"7,5507","7,7060","7,7431","7,5035","-1,99%"
18.11.2020,"7,7040","7,7002","7,7914","7,6700","0,10%"
17.11.2020,"7,6962","7,7015","7,8061","7,6603","-0,02%"
16.11.2020,"7,6976","7,6612","7,7680","7,5920","0,49%"
15.11.2020,"7,6976","7,6612","7,7680","7,5920","0,49%"
14.11.2020,"7,6976","7,6612","7,7680","7,5920","0,49%"
13.11.2020,"7,6602","7,6899","7,7583","7,5936","-0,35%"
12.11.2020,"7,6869","7,7996","7,8997","7,6547","-1,41%"
11.11.2020,"7,7966","8,1452","8,2041","7,7832","-4,27%"
10.11.2020,"8,1446","8,0660","8,3819","8,0510","1,01%"
09.11.2020,"8,0634","8,4316","8,4543","7,9887","-5,36%"
08.11.2020,"8,0634","8,4316","8,4543","7,9887","-5,36%"
07.11.2020,"8,0634","8,4316","8,4543","7,9887","-5,36%"
06.11.2020,"8,5200","8,4220","8,5876","8,3993","1,19%"
05.11.2020,"8,4202","8,4262","8,4859","8,4023","-0,06%"
04.11.2020,"8,4251","8,4041","8,5320","8,3827","0,28%"
03.11.2020,"8,4016","8,4221","8,5471","8,3924","-0,21%"
02.11.2020,"8,4190","8,3467","8,4486","8,3401","0,89%"
01.11.2020,"8,4190","8,3467","8,4486","8,3401","0,89%"
31.10.2020,"8,4190","8,3467","8,4486","8,3401","0,89%"
30.10.2020,"8,3448","8,2922","8,3899","8,2674","0,68%"
29.10.2020,"8,2881","8,2576","8,3315","8,2568","0,39%"
28.10.2020,"8,2559","8,1853","8,3244","8,1827","0,86%"
27.10.2020,"8,1854","8,0837","8,1989","8,0815","1,31%"
26.10.2020,"8,0797","7,9645","8,0995","7,9585","1,49%"
25.10.2020,"8,0797","7,9645","8,0995","7,9585","1,49%"
24.10.2020,"8,0797","7,9645","8,0995","7,9585","1,49%"
23.10.2020,"7,9610","7,9351","7,9833","7,9145","0,35%"
22.10.2020,"7,9329","7,8125","7,9880","7,7792","1,60%"
21.10.2020,"7,8081","7,8663","7,8847","7,7880","-0,67%"
20.10.2020,"7,8609","7,8837","7,9109","7,8542","-0,24%"
19.10.2020,"7,8797","7,9353","7,9416","7,8691","-0,64%"
18.10.2020,"7,8797","7,9353","7,9416","7,8691","-0,64%"
17.10.2020,"7,8797","7,9353","7,9416","7,8691","-0,64%"
16.10.2020,"7,9304","7,9356","7,9599","7,8856","-0,01%"
15.10.2020,"7,9310","7,9118","7,9538","7,9059","0,29%"
14.10.2020,"7,9084","7,9167","7,9612","7,8970","-0,08%"
13.10.2020,"7,9146","7,8900","7,9324","7,8738","0,34%"
12.10.2020,"7,8879","7,8602","7,9157","7,8510","0,40%"
11.10.2020,"7,8879","7,8602","7,9157","7,8510","0,40%"
10.10.2020,"7,8879","7,8602","7,9157","7,8510","0,40%"
09.10.2020,"7,8566","7,9447","7,9591","7,8372","-1,06%"
08.10.2020,"7,9406","7,8847","7,9485","7,8741","0,76%"
07.10.2020,"7,8808","7,7993","7,8967","7,7821","1,13%"
06.10.2020,"7,7931","7,7639","7,8084","7,7411","0,43%"
05.10.2020,"7,7931","7,7639","7,8084","7,7411","0,43%"
04.10.2020,"7,7931","7,7639","7,8084","7,7411","0,43%"
03.10.2020,"7,7599","7,7714","7,7906","7,7206","-0,14%"
02.10.2020,"7,7708","7,7498","7,7931","7,7066","0,27%"
01.10.2020,"7,7500","7,7187","7,7880","7,6219","0,44%"
30.09.2020,"7,7157","7,8189","7,8400","7,6969","-1,26%"
29.09.2020,"7,8139","7,8044","7,8669","7,7590","0,15%"
28.09.2020,"7,8024","7,6648","7,8409","7,6531","1,85%"
27.09.2020,"7,8024","7,6648","7,8409","7,6531","1,85%"
26.09.2020,"7,8024","7,6648","7,8409","7,6531","1,85%"
25.09.2020,"7,6607","7,6228","7,6865","7,4915","0,51%"
24.09.2020,"7,6216","7,7005","7,7228","7,5380","-0,98%"
23.09.2020,"7,6967","7,6658","7,7137","7,6424","0,45%"
22.09.2020,"7,6619","7,6318","7,6751","7,6118","0,42%"
21.09.2020,"7,6299","7,5608","7,6439","7,5387","0,97%"
20.09.2020,"7,6299","7,5608","7,6439","7,5387","0,97%"
19.09.2020,"7,6299","7,5608","7,6439","7,5387","0,97%"
18.09.2020,"7,5563","7,5503","7,5932","7,5240","0,13%"
17.09.2020,"7,5464","7,5052","7,5663","7,4825","0,55%"
16.09.2020,"7,5054","7,4892","7,5182","7,4640","0,27%"
15.09.2020,"7,4854","7,4879","7,5022","7,4548","0,02%"
14.09.2020,"7,4840","7,4720","7,5038","7,4590","0,16%"
13.09.2020,"7,4840","7,4720","7,5038","7,4590","0,16%"
12.09.2020,"7,4840","7,4720","7,5038","7,4590","0,16%"
11.09.2020,"7,4724","7,4502","7,4828","7,4314","0,33%"
10.09.2020,"7,4481","7,4889","7,5015","7,3977","-0,49%"
09.09.2020,"7,4848","7,4850","7,5001","7,4565","0,04%"
08.09.2020,"7,4817","7,4577","7,4921","7,4390","0,37%"
07.09.2020,"7,4542","7,4360","7,4696","7,4203","0,28%"
06.09.2020,"7,4542","7,4360","7,4696","7,4203","0,28%"
05.09.2020,"7,4542","7,4360","7,4696","7,4203","0,28%"
04.09.2020,"7,4331","7,4352","7,4651","7,3980","-0,01%"
03.09.2020,"7,4335","7,3860","7,4549","7,3661","0,69%"
02.09.2020,"7,3822","7,3694","7,4036","7,3475","0,23%"
01.09.2020,"7,3652","7,3513","7,3789","7,3158","0,25%"
31.08.2020,"7,3466","7,3314","7,3731","7,3110","0,19%"
30.08.2020,"7,3466","7,3314","7,3731","7,3110","0,19%"
29.08.2020,"7,3466","7,3314","7,3731","7,3110","0,19%"
28.08.2020,"7,3329","7,3604","7,3797","7,2727","-0,35%"
27.08.2020,"7,3587","7,3703","7,3915","7,2857","-0,10%"
26.08.2020,"7,3662","7,3932","7,4212","7,3133","-0,31%"
25.08.2020,"7,3893","7,3783","7,4085","7,3533","0,17%"
24.08.2020,"7,3768","7,3332","7,3860","7,3035","0,55%"
23.08.2020,"7,3768","7,3332","7,3860","7,3035","0,55%"
22.08.2020,"7,3768","7,3332","7,3860","7,3035","0,55%"
21.08.2020,"7,3365","7,2986","7,3527","7,1840","0,59%"
20.08.2020,"7,2938","7,2923","7,3588","7,2640","0,05%"
19.08.2020,"7,2905","7,3736","7,3881","7,1933","-1,07%"
18.08.2020,"7,3696","7,3839","7,4036","7,3355","-0,12%"
17.08.2020,"7,3787","7,3750","7,4014","7,3559","0,17%"
16.08.2020,"7,3787","7,3750","7,4014","7,3559","0,17%"
15.08.2020,"7,3787","7,3750","7,4014","7,3559","0,17%"
14.08.2020,"7,3664","7,3383","7,3885","7,3291","0,42%"
13.08.2020,"7,3354","7,3328","7,3665","7,2655","0,10%"
12.08.2020,"7,3282","7,2182","7,3484","7,1842","1,75%"
11.08.2020,"7,2025","7,3351","7,3565","7,1753","-1,78%"
10.08.2020,"7,3329","7,2898","7,3689","7,2337","0,57%"
09.08.2020,"7,3329","7,2898","7,3689","7,2337","0,57%"
08.08.2020,"7,3329","7,2898","7,3689","7,2337","0,57%"
07.08.2020,"7,2911","7,2396","7,3755","7,1085","0,76%"
06.08.2020,"7,2362","7,0475","7,3215","7,0200","2,73%"
05.08.2020,"7,0438","6,9015","7,0895","6,8945","2,13%"
04.08.2020,"6,8968","6,9576","7,0342","6,8868","-0,85%"
03.08.2020,"6,9558","6,9745","6,9943","6,9472","-0,21%"
02.08.2020,"6,9558","6,9745","6,9943","6,9472","-0,21%"
01.08.2020,"6,9558","6,9745","6,9943","6,9472","-0,21%"
31.07.2020,"6,9702","6,9974","7,0153","6,9570","-0,31%"
30.07.2020,"6,9917","6,9832","7,0151","6,9402","0,13%"
29.07.2020,"6,9828","6,9363","7,0076","6,9215","0,71%"
28.07.2020,"6,9335","6,8625","6,9785","6,8542","1,08%"
27.07.2020,"6,8595","6,8468","6,9655","6,8355","0,22%"
26.07.2020,"6,8595","6,8468","6,9655","6,8355","0,22%"
25.07.2020,"6,8595","6,8468","6,9655","6,8355","0,22%"
24.07.2020,"6,8446","6,8433","6,8547","6,8310","0,08%"
23.07.2020,"6,8389","6,8510","6,8548","6,8250","-0,13%"
22.07.2020,"6,8480","6,8247","6,8569","6,8185","0,39%"
21.07.2020,"6,8214","6,8577","6,8671","6,8165","-0,50%"
20.07.2020,"6,8558","6,8586","6,8688","6,8445","0,01%"
19.07.2020,"6,8558","6,8586","6,8688","6,8445","0,01%"
18.07.2020,"6,8558","6,8586","6,8688","6,8445","0,01%"
17.07.2020,"6,8553","6,8573","6,8776","6,8436","0,02%"
16.07.2020,"6,8538","6,8558","6,8660","6,8460","0,01%"
15.07.2020,"6,8529","6,8639","6,8705","6,8510","-0,14%"
14.07.2020,"6,8626","6,8602","6,8721","6,8523","0,09%"
13.07.2020,"6,8562","6,8677","6,8760","6,8422","-0,08%"
12.07.2020,"6,8562","6,8677","6,8760","6,8422","-0,08%"
11.07.2020,"6,8562","6,8677","6,8760","6,8422","-0,08%"
10.07.2020,"6,8618","6,8618","6,8724","6,8504","0,05%"
09.07.2020,"6,8587","6,8605","6,8693","6,8478","0,03%"
08.07.2020,"6,8565","6,8595","6,8689","6,8457","0,01%"
07.07.2020,"6,8555","6,8605","6,8706","6,8453","-0,04%"
06.07.2020,"6,8580","6,8618","6,8743","6,8359","-0,02%"
05.07.2020,"6,8580","6,8618","6,8743","6,8359","-0,02%"
04.07.2020,"6,8580","6,8618","6,8743","6,8359","-0,02%"
03.07.2020,"6,8596","6,8509","6,8773","6,8404","0,18%"
02.07.2020,"6,8475","6,8480","6,8591","6,8365","0,05%"
01.07.2020,"6,8439","6,8534","6,8598","6,8385","-0,09%"
30.06.2020,"6,8500","6,8549","6,8590","6,8386","-0,04%"
29.06.2020,"6,8524","6,8539","6,8592","6,8415","0,03%"
28.06.2020,"6,8524","6,8539","6,8592","6,8415","0,03%"
27.06.2020,"6,8524","6,8539","6,8592","6,8415","0,03%"
26.06.2020,"6,8506","6,8548","6,8631","6,8403","-0,03%"
25.06.2020,"6,8526","6,8563","6,8620","6,8265","-0,01%"
24.06.2020,"6,8533","6,8515","6,8623","6,8362","0,09%"
23.06.2020,"6,8472","6,8491","6,8627","6,8335","0,01%"
22.06.2020,"6,8463","6,8478","6,8611","6,8313","-0,05%"
21.06.2020,"6,8463","6,8478","6,8611","6,8313","-0,05%"
20.06.2020,"6,8463","6,8478","6,8611","6,8313","-0,05%"
19.06.2020,"6,8498","6,8563","6,8628","6,8260","-0,07%"
18.06.2020,"6,8545","6,8448","6,8641","6,8292","0,19%"
17.06.2020,"6,8418","6,8442","6,8618","6,8253","0,02%"
16.06.2020,"6,8403","6,8362","6,8540","6,8127","0,10%"
15.06.2020,"6,8333","6,8136","6,8637","6,8054","0,33%"
14.06.2020,"6,8333","6,8136","6,8637","6,8054","0,33%"
13.06.2020,"6,8333","6,8136","6,8637","6,8054","0,33%"
12.06.2020,"6,8106","6,8415","6,8467","6,7930","-0,42%"
11.06.2020,"6,8394","6,7768","6,8572","6,7667","0,98%"
10.06.2020,"6,7728","6,7965","6,8029","6,7610","-0,30%"
09.06.2020,"6,7933","6,7888","6,8096","6,7678","0,17%"
08.06.2020,"6,7816","6,7673","6,7969","6,7570","0,20%"
07.06.2020,"6,7816","6,7673","6,7969","6,7570","0,20%"
06.06.2020,"6,7816","6,7673","6,7969","6,7570","0,20%"
05.06.2020,"6,7680","6,7557","6,7962","6,7325","0,24%"
04.06.2020,"6,7518","6,7439","6,7723","6,7165","0,15%"
03.06.2020,"6,7420","6,7048","6,7705","6,6835","0,44%"
02.06.2020,"6,7125","6,8143","6,8232","6,6870","-1,43%"
01.06.2020,"6,8102","6,8221","6,8293","6,7905","-0,12%"
31.05.2020,"6,8102","6,8221","6,8293","6,7905","-0,12%"
30.05.2020,"6,8102","6,8221","6,8293","6,7905","-0,12%"
29.05.2020,"6,8182","6,8157","6,8437","6,7975","0,12%"
28.05.2020,"6,8098","6,7733","6,8245","6,7673","0,59%"
27.05.2020,"6,7699","6,7280","6,7862","6,7190","0,68%"
26.05.2020,"6,7245","6,8101","6,8215","6,6957","-1,23%"
25.05.2020,"6,8080","6,8146","6,8213","6,7983","-0,04%"
24.05.2020,"6,8080","6,8146","6,8213","6,7983","-0,04%"
23.05.2020,"6,8080","6,8146","6,8213","6,7983","-0,04%"
22.05.2020,"6,8107","6,7923","6,8316","6,7818","0,44%"
21.05.2020,"6,7809","6,7907","6,8188","6,7778","-0,09%"
20.05.2020,"6,7872","6,7775","6,8018","6,7639","0,20%"
19.05.2020,"6,7735","6,8850","6,8878","6,7536","-1,59%"
18.05.2020,"6,8831","6,8991","6,9036","6,8235","-0,23%"
17.05.2020,"6,8831","6,8991","6,9036","6,8235","-0,23%"
16.05.2020,"6,8831","6,8991","6,9036","6,8235","-0,23%"
15.05.2020,"6,8992","6,9221","6,9323","6,8928","-0,27%"
14.05.2020,"6,9180","6,9745","6,9868","6,8988","-0,76%"
13.05.2020,"6,9708","6,9971","7,0004","6,9647","-0,37%"
12.05.2020,"6,9966","7,0713","7,0784","6,9699","-1,10%"
11.05.2020,"7,0742","7,0844","7,1118","7,0530","-0,11%"
10.05.2020,"7,0742","7,0844","7,1118","7,0530","-0,11%"
09.05.2020,"7,0742","7,0844","7,1118","7,0530","-0,11%"
08.05.2020,"7,0820","7,1195","7,1802","7,0575","-0,48%"
07.05.2020,"7,1165","7,1954","7,2712","7,0623","-1,11%"
06.05.2020,"7,1961","7,0745","7,2115","7,0624","1,75%"
05.05.2020,"7,0726","7,0442","7,1038","7,0205","0,43%"
04.05.2020,"7,0420","7,0158","7,0553","6,9965","0,49%"
03.05.2020,"7,0420","7,0158","7,0553","6,9965","0,49%"
02.05.2020,"7,0420","7,0158","7,0553","6,9965","0,49%"
01.05.2020,"7,0080","6,9866","7,0441","6,9785","0,36%"
30.04.2020,"6,9829","6,9521","6,9963","6,9433","0,50%"
29.04.2020,"6,9480","6,9868","6,9960","6,9433","-0,52%"
28.04.2020,"6,9840","6,9862","7,0051","6,9788","0,02%"
27.04.2020,"6,9826","6,9707","6,9973","6,9450","0,15%"
26.04.2020,"6,9826","6,9707","6,9973","6,9450","0,15%"
25.04.2020,"6,9826","6,9707","6,9973","6,9450","0,15%"
24.04.2020,"6,9722","6,9395","6,9970","6,9395","0,43%"
23.04.2020,"6,9422","6,9797","7,0005","6,9226","-0,50%"
22.04.2020,"6,9772","6,9812","7,0097","6,9516","-0,04%"
21.04.2020,"6,9797","6,9394","7,0008","6,9346","0,63%"
20.04.2020,"6,9362","6,9314","6,9575","6,8714","0,09%"
19.04.2020,"6,9362","6,9314","6,9575","6,8714","0,09%"
18.04.2020,"6,9362","6,9314","6,9575","6,8714","0,09%"
17.04.2020,"6,9300","6,9397","6,9584","6,8253","-0,11%"
16.04.2020,"6,9377","6,9118","6,9605","6,8860","0,43%"
15.04.2020,"6,9078","6,8153","6,9283","6,8127","1,36%"
14.04.2020,"6,8148","6,7723","6,8256","6,7603","0,69%"
13.04.2020,"6,7681","6,7033","6,8018","6,7009","1,08%"
12.04.2020,"6,7681","6,7033","6,8018","6,7009","1,08%"
11.04.2020,"6,7681","6,7033","6,8018","6,7009","1,08%"
10.04.2020,"6,6961","6,6746","6,7298","6,6590","0,35%"
09.04.2020,"6,6726","6,7737","6,7979","6,6164","-1,43%"
08.04.2020,"6,7697","6,7550","6,7968","6,7512","0,26%"
07.04.2020,"6,7520","6,7801","6,7895","6,6927","-0,39%"
06.04.2020,"6,7785","6,7291","6,7951","6,7075","0,74%"
05.04.2020,"6,7785","6,7291","6,7951","6,7075","0,74%"
04.04.2020,"6,7785","6,7291","6,7951","6,7075","0,74%"
03.04.2020,"6,7290","6,6137","6,7517","6,6083","1,73%"
02.04.2020,"6,6146","6,7024","6,7205","6,5891","-1,25%"
01.04.2020,"6,6986","6,6149","6,7140","6,6087","1,33%"
31.03.2020,"6,6110","6,5764","6,6272","6,5490","0,57%"
30.03.2020,"6,5733","6,4549","6,5974","6,4433","1,86%"
29.03.2020,"6,5733","6,4549","6,5974","6,4433","1,86%"
28.03.2020,"6,5733","6,4549","6,5974","6,4433","1,86%"
27.03.2020,"6,4530","6,3982","6,4764","6,3885","0,92%"
26.03.2020,"6,3939","6,4169","6,5117","6,3793","-0,29%"
25.03.2020,"6,4125","6,4205","6,4773","6,3773","-0,09%"
24.03.2020,"6,4183","6,5605","6,5740","6,3917","-2,13%"
23.03.2020,"6,5580","6,5528","6,6185","6,5403","0,11%"
22.03.2020,"6,5580","6,5528","6,6185","6,5403","0,11%"
21.03.2020,"6,5580","6,5528","6,6185","6,5403","0,11%"
20.03.2020,"6,5505","6,5438","6,5665","6,4548","0,17%"
19.03.2020,"6,5391","6,4840","6,5582","6,4653","0,87%"
18.03.2020,"6,4828","6,3940","6,5040","6,3872","1,40%"
17.03.2020,"6,3936","6,4315","6,4988","6,3762","-0,53%"
16.03.2020,"6,4275","6,3320","6,4441","6,2775","1,54%"
15.03.2020,"6,4275","6,3320","6,4441","6,2775","1,54%"
14.03.2020,"6,4275","6,3320","6,4441","6,2775","1,54%"
13.03.2020,"6,3301","6,3158","6,3400","6,2435","0,27%"
12.03.2020,"6,3132","6,2098","6,3211","6,2035","1,73%"
11.03.2020,"6,2056","6,1564","6,2129","6,1252","0,91%"
10.03.2020,"6,1499","6,1429","6,1684","6,0978","0,13%"
09.03.2020,"6,1422","6,0903","6,1967","6,0860","0,86%"
08.03.2020,"6,1422","6,0903","6,1967","6,0860","0,86%"
07.03.2020,"6,1422","6,0903","6,1967","6,0860","0,86%"
06.03.2020,"6,0899","6,1104","6,1311","6,0677","-0,29%"
05.03.2020,"6,1077","6,0784","6,1354","6,0565","0,54%"
04.03.2020,"6,0746","6,1070","6,1487","6,0567","-0,47%"
03.03.2020,"6,1031","6,1790","6,2239","6,0303","-1,11%"
02.03.2020,"6,1713","6,2432","6,2610","6,1575","-1,08%"
01.03.2020,"6,1713","6,2432","6,2610","6,1575","-1,08%"
29.02.2020,"6,1713","6,2432","6,2610","6,1575","-1,08%"
28.02.2020,"6,2387","6,2075","6,2579","6,1958","0,53%"
27.02.2020,"6,2056","6,1588","6,2111","6,1480","0,82%"
26.02.2020,"6,1550","6,1441","6,1662","6,1365","0,24%"
25.02.2020,"6,1401","6,1173","6,1586","6,0662","0,40%"
24.02.2020,"6,1154","6,0979","6,1616","6,0929","0,38%"
23.02.2020,"6,1154","6,0979","6,1616","6,0929","0,38%"
22.02.2020,"6,1154","6,0979","6,1616","6,0929","0,38%"
21.02.2020,"6,0924","6,1002","6,1269","6,0844","-0,07%"
20.02.2020,"6,0964","6,0833","6,1089","6,0767","0,28%"
19.02.2020,"6,0795","6,0642","6,0875","6,0469","0,32%"
18.02.2020,"6,0602","6,0448","6,0757","6,0399","0,31%"
17.02.2020,"6,0417","6,0531","6,0623","6,0340","-0,12%"
16.02.2020,"6,0417","6,0531","6,0623","6,0340","-0,12%"
15.02.2020,"6,0417","6,0531","6,0623","6,0340","-0,12%"
14.02.2020,"6,0490","6,0406","6,0698","6,0333","0,21%"
13.02.2020,"6,0362","6,0447","6,0686","6,0340","-0,05%"
12.02.2020,"6,0390","6,0130","6,0662","5,9980","0,39%"
11.02.2020,"6,0153","6,0108","6,0531","6,0012","0,11%"
10.02.2020,"6,0088","6,0154","6,0258","5,9736","-0,09%"
09.02.2020,"6,0088","6,0154","6,0258","5,9736","-0,09%"
08.02.2020,"6,0088","6,0154","6,0258","5,9736","-0,09%"
07.02.2020,"6,0143","5,9876","6,0500","5,9760","0,48%"
06.02.2020,"5,9858","5,9826","5,9911","5,9742","0,12%"
05.02.2020,"5,9789","5,9792","5,9907","5,9695","0,02%"
04.02.2020,"5,9776","5,9846","5,9882","5,9585","-0,08%"
03.02.2020,"5,9825","5,9819","5,9889","5,9746","0,02%"
02.02.2020,"5,9825","5,9819","5,9889","5,9746","0,02%"
01.02.2020,"5,9825","5,9819","5,9889","5,9746","0,02%"
31.01.2020,"5,9812","5,9755","5,9883","5,9671","0,26%"
30.01.2020,"5,9657","5,9569","5,9883","5,9525","0,20%"
29.01.2020,"5,9535","5,9397","5,9735","5,9335","0,26%"
28.01.2020,"5,9383","5,9435","5,9535","5,9278","-0,08%"
27.01.2020,"5,9430","5,9392","5,9579","5,9317","0,08%"
26.01.2020,"5,9430","5,9392","5,9579","5,9317","0,08%"
25.01.2020,"5,9430","5,9392","5,9579","5,9317","0,08%"
24.01.2020,"5,9381","5,9343","5,9489","5,9202","0,13%"
23.01.2020,"5,9305","5,9222","5,9469","5,8998","0,21%"
22.01.2020,"5,9181","5,9380","5,9459","5,9145","-0,28%"
21.01.2020,"5,9350","5,9115","5,9409","5,9107","0,42%"
20.01.2020,"5,9102","5,8820","5,9212","5,8820","0,35%"
19.01.2020,"5,9102","5,8820","5,9212","5,8820","0,35%"
18.01.2020,"5,9102","5,8820","5,9212","5,8820","0,35%"
17.01.2020,"5,8898","5,8584","5,9126","5,8443","0,60%"
16.01.2020,"5,8547","5,8762","5,8937","5,8341","-0,34%"
15.01.2020,"5,8748","5,8815","5,9016","5,8678","-0,07%"
14.01.2020,"5,8790","5,8676","5,9039","5,8590","0,31%"
13.01.2020,"5,8607","5,8785","5,8809","5,8490","-0,27%"
12.01.2020,"5,8607","5,8785","5,8809","5,8490","-0,27%"
11.01.2020,"5,8607","5,8785","5,8809","5,8490","-0,27%"
10.01.2020,"5,8767","5,8740","5,8972","5,8560","0,13%"
09.01.2020,"5,8689","5,9089","5,9278","5,8562","-0,66%"
08.01.2020,"5,9081","5,9728","5,9893","5,8973","-1,05%"
07.01.2020,"5,9705","5,9694","5,9790","5,9471","0,10%"
06.01.2020,"5,9644","5,9722","5,9783","5,9619","-0,12%"
05.01.2020,"5,9644","5,9722","5,9783","5,9619","-0,12%"
04.01.2020,"5,9644","5,9722","5,9783","5,9619","-0,12%"
03.01.2020,"5,9713","5,9570","5,9792","5,9495","0,29%"
02.01.2020,"5,9541","5,9465","5,9605","5,9433","0,14%"
01.01.2020,"5,9456","5,9487","5,9502","5,9405","-0,04%"
31.12.2019,"5,9479","5,9478","5,9529","5,9399","0,06%"
30.12.2019,"5,9441","5,9493","5,9527","5,9350","-0,09%"
29.12.2019,"5,9441","5,9493","5,9527","5,9350","-0,09%"
28.12.2019,"5,9441","5,9493","5,9527","5,9350","-0,09%"
27.12.2019,"5,9492","5,9335","5,9617","5,9257","0,35%"
26.12.2019,"5,9286","5,9335","5,9455","5,9284","-0,09%"
25.12.2019,"5,9340","5,9469","5,9504","5,9290","-0,20%"
24.12.2019,"5,9458","5,9482","5,9567","5,9290","-0,02%"
23.12.2019,"5,9471","5,9388","5,9524","5,9165","0,19%"
22.12.2019,"5,9471","5,9388","5,9524","5,9165","0,19%"
21.12.2019,"5,9471","5,9388","5,9524","5,9165","0,19%"
20.12.2019,"5,9356","5,9417","5,9448","5,9001","-0,04%"
19.12.2019,"5,9380","5,9267","5,9457","5,9000","0,27%"
18.12.2019,"5,9219","5,8861","5,9323","5,8829","0,68%"
17.12.2019,"5,8819","5,8501","5,8910","5,8429","0,62%"
16.12.2019,"5,8454","5,8081","5,8597","5,8027","0,66%"
15.12.2019,"5,8454","5,8081","5,8597","5,8027","0,66%"
14.12.2019,"5,8454","5,8081","5,8597","5,8027","0,66%"
13.12.2019,"5,8072","5,7906","5,8268","5,7670","0,32%"
12.12.2019,"5,7889","5,8079","5,8131","5,7603","-0,30%"
11.12.2019,"5,8064","5,8060","5,8195","5,7916","0,06%"
10.12.2019,"5,8027","5,8112","5,8197","5,7876","-0,08%"
09.12.2019,"5,8074","5,7758","5,8178","5,7712","0,55%"
08.12.2019,"5,8074","5,7758","5,8178","5,7712","0,55%"
07.12.2019,"5,8074","5,7758","5,8178","5,7712","0,55%"
06.12.2019,"5,7756","5,7485","5,7906","5,7378","0,55%"
05.12.2019,"5,7441","5,7455","5,7700","5,7358","-0,06%"
04.12.2019,"5,7474","5,7420","5,7624","5,7302","0,11%"
03.12.2019,"5,7410","5,7414","5,7664","5,7257","0,05%"
02.12.2019,"5,7382","5,7465","5,7655","5,7302","-0,14%"
01.12.2019,"5,7382","5,7465","5,7655","5,7302","-0,14%"
30.11.2019,"5,7382","5,7465","5,7655","5,7302","-0,14%"
29.11.2019,"5,7460","5,7575","5,7984","5,7343","-0,08%"
28.11.2019,"5,7505","5,7769","5,7852","5,7510","-0,46%"
27.11.2019,"5,7769","5,7599","5,7923","5,7480","0,37%"
26.11.2019,"5,7556","5,7422","5,7712","5,7315","0,39%"
25.11.2019,"5,7333","5,7173","5,7599","5,6993","0,37%"
24.11.2019,"5,7333","5,7173","5,7599","5,6993","0,37%"
23.11.2019,"5,7333","5,7173","5,7599","5,6993","0,37%"
22.11.2019,"5,7122","5,6940","5,7255","5,6875","0,36%"
21.11.2019,"5,6915","5,6997","5,7116","5,6813","-0,01%"
20.11.2019,"5,6921","5,6993","5,7239","5,6825","-0,10%"
19.11.2019,"5,6980","5,7364","5,7471","5,6929","-0,61%"
18.11.2019,"5,7328","5,7434","5,7570","5,7165","-0,20%"
17.11.2019,"5,7328","5,7434","5,7570","5,7165","-0,20%"
16.11.2019,"5,7328","5,7434","5,7570","5,7165","-0,20%"
15.11.2019,"5,7443","5,7471","5,7709","5,7351","-0,01%"
14.11.2019,"5,7446","5,7401","5,7822","5,7361","0,09%"
13.11.2019,"5,7393","5,7775","5,7834","5,7308","-0,65%"
12.11.2019,"5,7766","5,7731","5,7844","5,7593","0,14%"
11.11.2019,"5,7683","5,7671","5,7973","5,7583","0,04%"
10.11.2019,"5,7683","5,7671","5,7973","5,7583","0,04%"
09.11.2019,"5,7683","5,7671","5,7973","5,7583","0,04%"
08.11.2019,"5,7658","5,7515","5,7716","5,7380","0,32%"
07.11.2019,"5,7474","5,7504","5,7651","5,7301","0,02%"
06.11.2019,"5,7460","5,7534","5,7737","5,7422","-0,05%"
05.11.2019,"5,7488","5,7387","5,7642","5,7140","0,19%"
04.11.2019,"5,7377","5,7085","5,7420","5,6790","0,68%"
03.11.2019,"5,7377","5,7085","5,7420","5,6790","0,68%"
02.11.2019,"5,7377","5,7085","5,7420","5,6790","0,68%"
01.11.2019,"5,6989","5,7136","5,7410","5,6953","-0,13%"
31.10.2019,"5,7065","5,7017","5,7283","5,6950","0,10%"
30.10.2019,"5,7010","5,7380","5,7727","5,6950","-0,56%"
29.10.2019,"5,7333","5,7312","5,7642","5,7145","0,09%"
28.10.2019,"5,7281","5,7746","5,7771","5,7124","-0,79%"
27.10.2019,"5,7281","5,7746","5,7771","5,7124","-0,79%"
26.10.2019,"5,7281","5,7746","5,7771","5,7124","-0,79%"
25.10.2019,"5,7738","5,7648","5,7926","5,7508","0,21%"
24.10.2019,"5,7615","5,7351","5,7807","5,7265","0,52%"
23.10.2019,"5,7317","5,8085","5,8212","5,7234","-1,28%"
22.10.2019,"5,8059","5,8581","5,8645","5,7853","-0,83%"
21.10.2019,"5,8544","5,7920","5,8678","5,7783","1,10%"
20.10.2019,"5,8544","5,7920","5,8678","5,7783","1,10%"
19.10.2019,"5,8544","5,7920","5,8678","5,7783","1,10%"
18.10.2019,"5,7909","5,8297","5,8340","5,7473","-0,65%"
17.10.2019,"5,8289","5,8871","5,9325","5,8147","-0,97%"
16.10.2019,"5,8860","5,9163","5,9343","5,8696","-0,35%"
15.10.2019,"5,9068","5,9272","5,9364","5,8555","-0,33%"
14.10.2019,"5,9261","5,8852","5,9416","5,8851","0,73%"
13.10.2019,"5,9261","5,8852","5,9416","5,8851","0,73%"
12.10.2019,"5,9261","5,8852","5,9416","5,8851","0,73%"
11.10.2019,"5,8833","5,8369","5,9003","5,8095","0,88%"
10.10.2019,"5,8320","5,8708","5,9018","5,8149","-0,61%"
09.10.2019,"5,8679","5,8320","5,8782","5,8130","0,73%"
08.10.2019,"5,8251","5,8327","5,8476","5,7772","-0,11%"
07.10.2019,"5,8318","5,7140","5,8466","5,6980","2,40%"
06.10.2019,"5,8318","5,7140","5,8466","5,6980","2,40%"
05.10.2019,"5,8318","5,7140","5,8466","5,6980","2,40%"
04.10.2019,"5,6952","5,6955","5,7148","5,6753","0,10%"
03.10.2019,"5,6896","5,7010","5,7162","5,6635","-0,09%"
02.10.2019,"5,6946","5,7231","5,7599","5,6929","-0,48%"
01.10.2019,"5,7221","5,6494","5,7330","5,6398","1,31%"
30.09.2019,"5,6479","5,6708","5,6806","5,6330","-0,39%"
29.09.2019,"5,6479","5,6708","5,6806","5,6330","-0,39%"
28.09.2019,"5,6479","5,6708","5,6806","5,6330","-0,39%"
27.09.2019,"5,6698","5,6667","5,6900","5,6450","0,14%"
26.09.2019,"5,6617","5,6700","5,6985","5,6427","-0,11%"
25.09.2019,"5,6681","5,6978","5,7144","5,6663","-0,50%"
24.09.2019,"5,6963","5,7176","5,7235","5,6673","-0,33%"
23.09.2019,"5,7149","5,7432","5,7472","5,7087","-0,49%"
22.09.2019,"5,7149","5,7432","5,7472","5,7087","-0,49%"
21.09.2019,"5,7149","5,7432","5,7472","5,7087","-0,49%"
20.09.2019,"5,7429","5,7186","5,7527","5,6788","0,49%"
19.09.2019,"5,7148","5,6771","5,7236","5,6677","0,75%"
18.09.2019,"5,6720","5,7014","5,7104","5,6535","-0,42%"
17.09.2019,"5,6962","5,7288","5,7428","5,6877","-0,49%"
16.09.2019,"5,7245","5,6858","5,7446","5,6857","0,69%"
15.09.2019,"5,7245","5,6858","5,7446","5,6857","0,69%"
14.09.2019,"5,7245","5,6858","5,7446","5,6857","0,69%"
13.09.2019,"5,6851","5,6595","5,6965","5,6491","0,64%"
12.09.2019,"5,6491","5,7495","5,7726","5,6501","-1,68%"
11.09.2019,"5,7456","5,7682","5,7944","5,7417","-0,32%"
10.09.2019,"5,7641","5,7499","5,7896","5,7404","0,28%"
09.09.2019,"5,7479","5,7147","5,7670","5,6978","0,58%"
08.09.2019,"5,7479","5,7147","5,7670","5,6978","0,58%"
07.09.2019,"5,7479","5,7147","5,7670","5,6978","0,58%"
06.09.2019,"5,7145","5,6916","5,7301","5,6782","0,53%"
05.09.2019,"5,6846","5,6678","5,7031","5,6435","0,33%"
04.09.2019,"5,6660","5,7294","5,7354","5,6450","-1,09%"
03.09.2019,"5,7283","5,8074","5,8253","5,7195","-1,31%"
02.09.2019,"5,8044","5,8316","5,8440","5,7925","-0,43%"
01.09.2019,"5,8044","5,8316","5,8440","5,7925","-0,43%"
31.08.2019,"5,8044","5,8316","5,8440","5,7925","-0,43%"
30.08.2019,"5,8296","5,8390","5,8533","5,8153","-0,16%"
29.08.2019,"5,8390","5,8150","5,8501","5,8005","0,50%"
28.08.2019,"5,8101","5,8283","5,8415","5,7886","-0,20%"
27.08.2019,"5,8218","5,8249","5,8608","5,7955","0,03%"
26.08.2019,"5,8201","5,7612","5,8495","5,7606","1,06%"
25.08.2019,"5,8201","5,7612","5,8495","5,7606","1,06%"
24.08.2019,"5,8201","5,7612","5,8495","5,7606","1,06%"
23.08.2019,"5,7589","5,7689","5,7804","5,7302","-0,15%"
22.08.2019,"5,7678","5,7175","5,7934","5,7075","1,02%"
21.08.2019,"5,7094","5,7343","5,7419","5,6995","-0,30%"
20.08.2019,"5,7265","5,6607","5,7512","5,6367","1,30%"
19.08.2019,"5,6528","5,5792","5,6741","5,5578","1,35%"
18.08.2019,"5,6528","5,5792","5,6741","5,5578","1,35%"
17.08.2019,"5,6528","5,5792","5,6741","5,5578","1,35%"
16.08.2019,"5,5775","5,5680","5,5880","5,5245","0,24%"
15.08.2019,"5,5642","5,6127","5,6196","5,5406","-0,83%"
14.08.2019,"5,6105","5,5608","5,6313","5,5577","0,93%"
13.08.2019,"5,5588","5,5642","5,6369","5,5470","-0,01%"
12.08.2019,"5,5593","5,4914","5,5757","5,4886","1,25%"
11.08.2019,"5,5593","5,4914","5,5757","5,4886","1,25%"
10.08.2019,"5,5593","5,4914","5,5757","5,4886","1,25%"
09.08.2019,"5,4907","5,4760","5,5147","5,4503","0,39%"
08.08.2019,"5,4691","5,4940","5,5174","5,4463","-0,40%"
07.08.2019,"5,4910","5,5208","5,5347","5,4583","-0,49%"
06.08.2019,"5,5182","5,5668","5,5958","5,5052","-0,94%"
05.08.2019,"5,5705","5,5600","5,6231","5,5274","0,21%"
04.08.2019,"5,5705","5,5600","5,6231","5,5274","0,21%"
03.08.2019,"5,5705","5,5600","5,6231","5,5274","0,21%"
02.08.2019,"5,5587","5,6041","5,6264","5,5448","-0,77%"
01.08.2019,"5,6019","5,5813","5,6297","5,5545","0,30%"
31.07.2019,"5,5854","5,5594","5,6225","5,5080","0,53%"
30.07.2019,"5,5558","5,6144","5,6245","5,5445","-0,96%"
29.07.2019,"5,6098","5,6718","5,6743","5,5953","-1,08%"
28.07.2019,"5,6098","5,6718","5,6743","5,5953","-1,08%"
27.07.2019,"5,6098","5,6718","5,6743","5,5953","-1,08%"
26.07.2019,"5,6708","5,7035","5,7106","5,6065","-0,54%"
25.07.2019,"5,7017","5,7086","5,7770","5,6459","-0,05%"
24.07.2019,"5,7046","5,7180","5,7393","5,6922","-0,21%"
23.07.2019,"5,7168","5,6795","5,7279","5,6651","0,74%"
22.07.2019,"5,6750","5,6525","5,6976","5,6395","0,39%"
21.07.2019,"5,6750","5,6525","5,6976","5,6395","0,39%"
20.07.2019,"5,6750","5,6525","5,6976","5,6395","0,39%"
19.07.2019,"5,6531","5,6186","5,6781","5,6125","0,70%"
18.07.2019,"5,6136","5,6842","5,7137","5,6120","-1,18%"
17.07.2019,"5,6806","5,7127","5,7218","5,6705","-0,53%"
16.07.2019,"5,7108","5,7149","5,7274","5,6900","-0,01%"
15.07.2019,"5,7116","5,7198","5,7357","5,6957","0,06%"
14.07.2019,"5,7116","5,7198","5,7357","5,6957","0,06%"
13.07.2019,"5,7116","5,7198","5,7357","5,6957","0,06%"
12.07.2019,"5,7081","5,6737","5,7802","5,6563","0,66%"
11.07.2019,"5,6704","5,6752","5,7030","5,6493","0,00%"
10.07.2019,"5,6702","5,7307","5,7596","5,6663","-1,02%"
09.07.2019,"5,7287","5,7366","5,7519","5,6807","-0,12%"
08.07.2019,"5,7357","5,6295","5,7948","5,6294","1,92%"
07.07.2019,"5,7357","5,6295","5,7948","5,6294","1,92%"
06.07.2019,"5,7357","5,6295","5,7948","5,6294","1,92%"
05.07.2019,"5,6278","5,5952","5,6471","5,5845","0,60%"
04.07.2019,"5,5943","5,6243","5,6286","5,5780","-0,41%"
03.07.2019,"5,6171","5,6564","5,6670","5,6007","-0,56%"
02.07.2019,"5,6485","5,6501","5,7037","5,6205","0,10%"
01.07.2019,"5,6431","5,7920","5,7920","5,6180","-2,49%"
30.06.2019,"5,6431","5,7920","5,7920","5,6180","-2,49%"
29.06.2019,"5,6431","5,7920","5,7920","5,6180","-2,49%"
28.06.2019,"5,7873","5,7723","5,8012","5,7393","0,30%"
27.06.2019,"5,7698","5,7753","5,7966","5,7540","-0,04%"
26.06.2019,"5,7719","5,7947","5,8181","5,7453","-0,38%"
25.06.2019,"5,7939","5,8089","5,8338","5,7515","-0,24%"
24.06.2019,"5,8080","5,8213","5,8341","5,7025","-0,21%"
23.06.2019,"5,8080","5,8213","5,8341","5,7025","-0,21%"
22.06.2019,"5,8080","5,8213","5,8341","5,7025","-0,21%"
21.06.2019,"5,8204","5,7643","5,8407","5,7513","1,05%"
20.06.2019,"5,7600","5,7913","5,9022","5,7232","-0,40%"
19.06.2019,"5,7833","5,8279","5,9190","5,7842","-0,67%"
18.06.2019,"5,8225","5,8735","5,8826","5,8114","-0,79%"
17.06.2019,"5,8687","5,8990","5,9291","5,8485","-0,54%"
16.06.2019,"5,8687","5,8990","5,9291","5,8485","-0,54%"
15.06.2019,"5,8687","5,8990","5,9291","5,8485","-0,54%"
14.06.2019,"5,9005","5,8685","5,9338","5,8490","0,66%"
13.06.2019,"5,8619","5,8073","5,9046","5,8018","0,95%"
12.06.2019,"5,8070","5,7977","5,8327","5,7610","0,21%"
11.06.2019,"5,7946","5,7816","5,8457","5,7483","0,36%"
10.06.2019,"5,7737","5,8324","5,8633","5,7568","-0,97%"
09.06.2019,"5,7737","5,8324","5,8633","5,7568","-0,97%"
08.06.2019,"5,7737","5,8324","5,8633","5,7568","-0,97%"
07.06.2019,"5,8300","5,7800","5,8721","5,7755","0,94%"
06.06.2019,"5,7759","5,7300","5,8074","5,7126","0,80%"
05.06.2019,"5,7300","5,7827","5,7912","5,6659","-0,77%"
04.06.2019,"5,7746","5,8343","5,8679","5,7459","-0,94%"
03.06.2019,"5,8293","5,8399","5,8942","5,8234","-0,14%"
02.06.2019,"5,8293","5,8399","5,8942","5,8234","-0,14%"
01.06.2019,"5,8293","5,8399","5,8942","5,8234","-0,14%"
31.05.2019,"5,8372","5,8793","5,9262","5,8144","-0,64%"
30.05.2019,"5,8746","6,0111","6,0299","5,8550","-2,24%"
29.05.2019,"6,0090","6,0317","6,0594","5,9950","-0,30%"
28.05.2019,"6,0271","6,0608","6,0846","5,9833","-0,48%"
27.05.2019,"6,0560","6,0844","6,1104","6,0272","-0,42%"
26.05.2019,"6,0560","6,0844","6,1104","6,0272","-0,42%"
25.05.2019,"6,0560","6,0844","6,1104","6,0272","-0,42%"
24.05.2019,"6,0815","6,0963","6,1297","6,0430","-0,23%"
23.05.2019,"6,0954","6,0956","6,1545","6,0879","0,07%"
22.05.2019,"6,0910","6,0524","6,1225","6,0459","0,65%"
21.05.2019,"6,0515","6,0287","6,0907","6,0094","0,54%"
20.05.2019,"6,0189","6,0558","6,0837","5,9963","-0,58%"
19.05.2019,"6,0189","6,0558","6,0837","5,9963","-0,58%"
18.05.2019,"6,0189","6,0558","6,0837","5,9963","-0,58%"
17.05.2019,"6,0540","6,0465","6,0964","6,0240","0,21%"
16.05.2019,"6,0415","6,0009","6,0543","5,9919","0,74%"
15.05.2019,"5,9973","6,0311","6,0894","5,9882","-0,46%"
14.05.2019,"6,0249","6,0594","6,1143","5,9805","-0,50%"
13.05.2019,"6,0552","6,0032","6,1335","5,9570","1,33%"
12.05.2019,"6,0552","6,0032","6,1335","5,9570","1,33%"
11.05.2019,"6,0552","6,0032","6,1335","5,9570","1,33%"
10.05.2019,"5,9757","6,1928","6,2069","5,9561","-3,47%"
09.05.2019,"6,1907","6,1837","6,2478","6,1543","0,12%"
08.05.2019,"6,1835","6,1500","6,2001","6,1415","0,54%"
07.05.2019,"6,1501","6,0805","6,2000","6,0743","1,20%"
06.05.2019,"6,0769","5,9640","6,1517","5,9640","2,08%"
05.05.2019,"6,0769","5,9640","6,1517","5,9640","2,08%"
04.05.2019,"6,0769","5,9640","6,1517","5,9640","2,08%"
03.05.2019,"5,9531","5,9649","5,9843","5,9528","-0,17%"
02.05.2019,"5,9635","5,9671","5,9850","5,9494","-0,01%"
01.05.2019,"5,9640","5,9659","5,9701","5,9356","0,04%"
30.04.2019,"5,9617","5,9486","5,9858","5,9278","0,28%"
29.04.2019,"5,9448","5,9318","5,9630","5,9152","0,13%"
28.04.2019,"5,9448","5,9318","5,9630","5,9152","0,13%"
27.04.2019,"5,9448","5,9318","5,9630","5,9152","0,13%"
26.04.2019,"5,9372","5,9276","5,9732","5,9145","0,22%"
25.04.2019,"5,9243","5,8735","5,9823","5,8650","0,92%"
24.04.2019,"5,8705","5,8284","5,8943","5,8229","0,73%"
23.04.2019,"5,8277","5,8273","5,8540","5,8094","0,03%"
22.04.2019,"5,8262","5,8112","5,8615","5,8064","0,28%"
21.04.2019,"5,8262","5,8112","5,8615","5,8064","0,28%"
20.04.2019,"5,8262","5,8112","5,8615","5,8064","0,28%"
19.04.2019,"5,8102","5,8001","5,8404","5,7758","0,27%"
18.04.2019,"5,7945","5,7389","5,8538","5,7362","1,01%"
17.04.2019,"5,7367","5,7719","5,7966","5,6965","-0,51%"
16.04.2019,"5,7662","5,8042","5,8316","5,7368","-0,58%"
15.04.2019,"5,7997","5,7643","5,8272","5,7590","0,54%"
14.04.2019,"5,7997","5,7643","5,8272","5,7590","0,54%"
13.04.2019,"5,7997","5,7643","5,8272","5,7590","0,54%"
12.04.2019,"5,7683","5,7380","5,8305","5,7092","0,59%"
11.04.2019,"5,7342","5,6812","5,7625","5,6676","0,94%"
10.04.2019,"5,6808","5,6942","5,7292","5,6623","-0,17%"
09.04.2019,"5,6906","5,6897","5,7337","5,6347","0,02%"
08.04.2019,"5,6893","5,6261","5,7465","5,6175","1,14%"
07.04.2019,"5,6893","5,6261","5,7465","5,6175","1,14%"
06.04.2019,"5,6893","5,6261","5,7465","5,6175","1,14%"
05.04.2019,"5,6252","5,5923","5,6514","5,5582","0,66%"
04.04.2019,"5,5881","5,6262","5,6666","5,5460","-0,60%"
03.04.2019,"5,6221","5,6050","5,6751","5,5672","0,32%"
02.04.2019,"5,6040","5,4865","5,6815","5,4760","2,16%"
01.04.2019,"5,4853","5,5705","5,7135","5,4175","-1,00%"
31.03.2019,"5,4853","5,5705","5,7135","5,4175","-1,00%"
30.03.2019,"5,4853","5,5705","5,7135","5,4175","-1,00%"
29.03.2019,"5,5405","5,5586","5,6826","5,5470","-0,10%"
28.03.2019,"5,5460","5,3322","5,6547","5,3317","4,12%"
27.03.2019,"5,3268","5,3393","5,4712","5,2758","-0,00%"
26.03.2019,"5,3269","5,5506","5,5949","5,3018","-4,01%"
25.03.2019,"5,5493","5,7631","5,7736","5,5442","-3,69%"
24.03.2019,"5,5493","5,7631","5,7736","5,5442","-3,69%"
23.03.2019,"5,5493","5,7631","5,7736","5,5442","-3,69%"
22.03.2019,"5,7617","5,4654","5,8486","5,4505","5,50%"
21.03.2019,"5,4612","5,4215","5,4809","5,4191","0,80%"
20.03.2019,"5,4178","5,4762","5,4859","5,4071","-1,05%"
19.03.2019,"5,4754","5,4685","5,4912","5,4562","0,17%"
18.03.2019,"5,4659","5,4466","5,4759","5,4437","0,37%"
17.03.2019,"5,4659","5,4466","5,4759","5,4437","0,37%"
16.03.2019,"5,4659","5,4466","5,4759","5,4437","0,37%"
15.03.2019,"5,4457","5,4668","5,4781","5,4427","-0,36%"
14.03.2019,"5,4653","5,4566","5,4795","5,4545","0,20%"
13.03.2019,"5,4544","5,4563","5,4815","5,4483","-0,01%"
12.03.2019,"5,4552","5,4454","5,4679","5,4253","0,20%"
11.03.2019,"5,4445","5,4320","5,4636","5,4241","0,34%"
10.03.2019,"5,4445","5,4320","5,4636","5,4241","0,34%"
09.03.2019,"5,4445","5,4320","5,4636","5,4241","0,34%"
08.03.2019,"5,4260","5,4713","5,4889","5,4216","-0,81%"
07.03.2019,"5,4702","5,4285","5,4820","5,4199","0,81%"
06.03.2019,"5,4263","5,3874","5,4482","5,3605","0,78%"
05.03.2019,"5,3842","5,3740","5,4030","5,3615","0,21%"
04.03.2019,"5,3727","5,3746","5,4024","5,3630","-0,01%"
03.03.2019,"5,3727","5,3746","5,4024","5,3630","-0,01%"
02.03.2019,"5,3727","5,3746","5,4024","5,3630","-0,01%"
01.03.2019,"5,3732","5,3400","5,4061","5,3305","0,73%"
28.02.2019,"5,3341","5,3088","5,3429","5,3057","0,44%"
27.02.2019,"5,3109","5,3060","5,3259","5,2832","0,17%"
26.02.2019,"5,3020","5,3028","5,3199","5,2877","-0,01%"
25.02.2019,"5,3026","5,3198","5,3284","5,2912","-0,30%"
24.02.2019,"5,3026","5,3198","5,3284","5,2912","-0,30%"
23.02.2019,"5,3026","5,3198","5,3284","5,2912","-0,30%"
22.02.2019,"5,3186","5,3159","5,3414","5,3010","-0,05%"
21.02.2019,"5,3214","5,3288","5,3455","5,2982","-0,06%"
20.02.2019,"5,3244","5,2838","5,3322","5,2748","0,79%"
19.02.2019,"5,2828","5,2931","5,3246","5,2786","-0,48%"
18.02.2019,"5,3083","5,2817","5,3231","5,2762","0,70%"
17.02.2019,"5,3083","5,2817","5,3231","5,2762","0,70%"
16.02.2019,"5,3083","5,2817","5,3231","5,2762","0,70%"
15.02.2019,"5,2714","5,2704","5,3111","5,2430","-0,03%"
14.02.2019,"5,2729","5,2830","5,3253","5,2572","-0,23%"
13.02.2019,"5,2850","5,2538","5,2985","5,2352","0,64%"
12.02.2019,"5,2516","5,2787","5,2938","5,2470","-0,50%"
11.02.2019,"5,2780","5,2499","5,2929","5,2357","0,58%"
10.02.2019,"5,2780","5,2499","5,2929","5,2357","0,58%"
09.02.2019,"5,2780","5,2499","5,2929","5,2357","0,58%"
08.02.2019,"5,2474","5,2643","5,2781","5,2220","-0,37%"
07.02.2019,"5,2668","5,2176","5,2970","5,2085","0,96%"
06.02.2019,"5,2168","5,2014","5,2414","5,1977","0,35%"
05.02.2019,"5,1985","5,2217","5,2259","5,1790","-0,38%"
04.02.2019,"5,2182","5,2031","5,2444","5,2001","0,19%"
03.02.2019,"5,2182","5,2031","5,2444","5,2001","0,19%"
02.02.2019,"5,2182","5,2031","5,2444","5,2001","0,19%"
01.02.2019,"5,2084","5,1585","5,2308","5,1585","0,85%"
31.01.2019,"5,1645","5,2265","5,2462","5,1589","-1,16%"
30.01.2019,"5,2252","5,3095","5,3253","5,2090","-1,59%"
29.01.2019,"5,3098","5,3238","5,3647","5,2963","-0,34%"
28.01.2019,"5,3279","5,2585","5,3432","5,2432","1,12%"
27.01.2019,"5,3279","5,2585","5,3432","5,2432","1,12%"
26.01.2019,"5,3279","5,2585","5,3432","5,2432","1,12%"
25.01.2019,"5,2688","5,2615","5,2926","5,2455","0,07%"
24.01.2019,"5,2651","5,2849","5,3017","5,2446","-0,40%"
23.01.2019,"5,2860","5,3397","5,3578","5,2727","-1,08%"
22.01.2019,"5,3436","5,3265","5,3731","5,3216","0,35%"
21.01.2019,"5,3247","5,3258","5,3589","5,3144","-0,07%"
20.01.2019,"5,3247","5,3258","5,3589","5,3144","-0,07%"
19.01.2019,"5,3247","5,3258","5,3589","5,3144","-0,07%"
18.01.2019,"5,3283","5,3426","5,3777","5,3152","-0,37%"
17.01.2019,"5,3480","5,3326","5,3921","5,3321","0,22%"
16.01.2019,"5,3363","5,4500","5,4559","5,3263","-2,03%"
15.01.2019,"5,4466","5,4461","5,4715","5,4219","0,03%"
14.01.2019,"5,4447","5,4630","5,5534","5,4310","-0,19%"
13.01.2019,"5,4447","5,4630","5,5534","5,4310","-0,19%"
12.01.2019,"5,4447","5,4630","5,5534","5,4310","-0,19%"
11.01.2019,"5,4550","5,4196","5,5055","5,4000","0,71%"
10.01.2019,"5,4168","5,4801","5,5083","5,3975","-1,10%"
09.01.2019,"5,4768","5,4805","5,5486","5,4375","-0,08%"
08.01.2019,"5,4811","5,3814","5,5155","5,3740","1,79%"
07.01.2019,"5,3848","5,3362","5,4153","5,3171","1,01%"
06.01.2019,"5,3848","5,3362","5,4153","5,3171","1,01%"
05.01.2019,"5,3848","5,3362","5,4153","5,3171","1,01%"
04.01.2019,"5,3311","5,4587","5,4778","5,3058","-2,48%"
03.01.2019,"5,4664","5,4002","5,8300","5,3857","1,22%"
02.01.2019,"5,4003","5,3010","5,4215","5,2737","2,02%"
01.01.2019,"5,2933","5,2896","5,2933","5,2540","0,09%"
